"time","snowdepth"
"01.01.2014",4
"02.01.2014",18
"03.01.2014",18
"04.01.2014",16
"05.01.2014",15
"06.01.2014",4
"07.01.2014",4
"08.01.2014",0
"09.01.2014",4
"10.01.2014",6
"11.01.2014",0
"12.01.2014",6
"13.01.2014",4
"14.01.2014",4
"15.01.2014",4
"16.01.2014",4
"17.01.2014",4
"18.01.2014",8
"19.01.2014",10
"20.01.2014",10
"21.01.2014",12
"22.01.2014",12
"23.01.2014",8
"24.01.2014",6
"25.01.2014",6
"26.01.2014",6
"27.01.2014",6
"28.01.2014",5
"29.01.2014",5
"30.01.2014",5
"31.01.2014",5
"01.02.2014",5
"02.02.2014",5
"03.02.2014",5
"04.02.2014",5
"05.02.2014",5
"06.02.2014",5
"07.02.2014",5
"08.02.2014",5
"09.02.2014",5
"10.02.2014",5
"11.02.2014",5
"12.02.2014",5
"13.02.2014",4
"14.02.2014",4
"15.02.2014",4
"16.02.2014",3
"17.02.2014",3
"18.02.2014",3
"19.02.2014",3
"20.02.2014",3
"21.02.2014",3
"22.02.2014",3
"23.02.2014",3
"24.02.2014",3
"25.02.2014",3
"26.02.2014",3
"27.02.2014",5
"28.02.2014",6
"01.03.2014",6
"02.03.2014",6
"03.03.2014",4
"04.03.2014",7
"05.03.2014",8
"06.03.2014",4
"07.03.2014",4
"08.03.2014",4
"09.03.2014",13
"10.03.2014",10
"11.03.2014",8
"12.03.2014",8
"13.03.2014",10
"14.03.2014",10
"15.03.2014",10
"16.03.2014",10
"17.03.2014",8
"18.03.2014",7
"19.03.2014",7
"20.03.2014",7
"21.03.2014",7
"22.03.2014",7
"23.03.2014",7
"24.03.2014",7
"25.03.2014",6
"26.03.2014",20
"27.03.2014",15
"28.03.2014",15
"29.03.2014",15
"30.03.2014",15
"31.03.2014",10
"01.04.2014",10
"02.04.2014",10
"03.04.2014",10
"04.04.2014",10
"05.04.2014",10
"06.04.2014",10
"07.04.2014",10
"08.04.2014",10
"09.04.2014",12
"10.04.2014",10
"11.04.2014",10
"12.04.2014",10
"13.04.2014",10
"14.04.2014",10
"15.04.2014",10
"16.04.2014",10
"17.04.2014",10
"18.04.2014",10
"19.04.2014",10
"20.04.2014",10
"21.04.2014",12
"22.04.2014",11
"23.04.2014",10
"24.04.2014",10
"25.04.2014",10
"26.04.2014",10
"27.04.2014",10
"28.04.2014",9
"29.04.2014",9
"30.04.2014",9
"01.05.2014",9
"02.05.2014",9
"03.05.2014",8
"04.05.2014",8
"05.05.2014",8
"06.05.2014",6
"07.05.2014",5
"08.05.2014",4
"09.05.2014",11
"10.05.2014",11
"11.05.2014",11
"12.05.2014",9
"13.05.2014",6
"14.05.2014",6
"15.05.2014",6
"16.05.2014",5
"17.05.2014",5
"18.05.2014",5
"19.05.2014",6
"20.05.2014",6
"21.05.2014",5
"22.05.2014",0
"23.05.2014",0
"24.05.2014",0
"25.05.2014",0
"26.05.2014",0
"27.05.2014",0
"28.05.2014",0
"29.05.2014",0
"30.05.2014",0
"31.05.2014",0
"01.06.2014",0
"02.06.2014",0
"03.06.2014",0
"04.06.2014",0
"05.06.2014",0
"06.06.2014",0
"07.06.2014",0
"08.06.2014",0
"09.06.2014",0
"10.06.2014",0
"11.06.2014",0
"12.06.2014",0
"13.06.2014",0
"14.06.2014",0
"15.06.2014",0
"16.06.2014",0
"17.06.2014",0
"18.06.2014",0
"19.06.2014",0
"20.06.2014",0
"21.06.2014",0
"22.06.2014",0
"23.06.2014",0
"24.06.2014",0
"25.06.2014",0
"26.06.2014",0
"27.06.2014",0
"28.06.2014",0
"29.06.2014",0
"30.06.2014",0
"01.07.2014",0
"02.07.2014",0
"03.07.2014",0
"04.07.2014",0
"05.07.2014",0
"06.07.2014",0
"07.07.2014",0
"08.07.2014",0
"09.07.2014",0
"10.07.2014",0
"11.07.2014",0
"12.07.2014",0
"13.07.2014",0
"14.07.2014",0
"15.07.2014",0
"16.07.2014",0
"17.07.2014",0
"18.07.2014",0
"19.07.2014",0
"20.07.2014",0
"21.07.2014",0
"22.07.2014",0
"23.07.2014",0
"24.07.2014",0
"25.07.2014",0
"26.07.2014",0
"27.07.2014",0
"28.07.2014",0
"29.07.2014",0
"30.07.2014",0
"31.07.2014",0
"01.08.2014",0
"02.08.2014",0
"03.08.2014",0
"04.08.2014",0
"05.08.2014",0
"06.08.2014",0
"07.08.2014",0
"08.08.2014",0
"09.08.2014",0
"10.08.2014",0
"11.08.2014",0
"12.08.2014",0
"13.08.2014",0
"14.08.2014",0
"15.08.2014",0
"16.08.2014",0
"17.08.2014",0
"18.08.2014",0
"19.08.2014",0
"20.08.2014",0
"21.08.2014",0
"22.08.2014",0
"23.08.2014",0
"24.08.2014",0
"25.08.2014",0
"26.08.2014",0
"27.08.2014",0
"28.08.2014",0
"29.08.2014",0
"30.08.2014",0
"31.08.2014",0
"01.09.2014",0
"02.09.2014",0
"03.09.2014",0
"04.09.2014",0
"05.09.2014",0
"06.09.2014",0
"07.09.2014",0
"08.09.2014",0
"09.09.2014",0
"10.09.2014",0
"11.09.2014",0
"12.09.2014",0
"13.09.2014",0
"14.09.2014",0
"15.09.2014",0
"16.09.2014",0
"17.09.2014",0
"18.09.2014",0
"19.09.2014",0
"20.09.2014",0
"21.09.2014",0
"22.09.2014",0
"23.09.2014",0
"24.09.2014",0
"25.09.2014",0
"26.09.2014",0
"27.09.2014",0
"28.09.2014",0
"29.09.2014",0
"30.09.2014",0
"01.10.2014",0
"02.10.2014",0
"03.10.2014",0
"04.10.2014",0
"05.10.2014",0
"06.10.2014",1
"07.10.2014",1
"08.10.2014",1
"09.10.2014",1
"10.10.2014",5
"11.10.2014",5
"12.10.2014",5
"13.10.2014",5
"14.10.2014",5
"15.10.2014",5
"16.10.2014",5
"17.10.2014",6
"18.10.2014",6
"19.10.2014",6
"20.10.2014",6
"21.10.2014",6
"22.10.2014",5
"23.10.2014",5
"24.10.2014",3
"25.10.2014",3
"26.10.2014",0
"27.10.2014",0
"28.10.2014",0
"29.10.2014",0
"30.10.2014",0
"31.10.2014",0
"01.11.2014",2
"02.11.2014",5
"03.11.2014",5
"04.11.2014",5
"05.11.2014",6
"06.11.2014",5
"07.11.2014",6
"08.11.2014",6
"09.11.2014",6
"10.11.2014",7
"11.11.2014",7
"12.11.2014",7
"13.11.2014",9
"14.11.2014",10
"15.11.2014",12
"16.11.2014",11
"17.11.2014",9
"18.11.2014",9
"19.11.2014",11
"20.11.2014",13
"21.11.2014",13
"22.11.2014",13
"23.11.2014",11
"24.11.2014",6
"25.11.2014",6
"26.11.2014",5
"27.11.2014",5
"28.11.2014",5
"29.11.2014",5
"30.11.2014",5
"01.12.2014",5
"02.12.2014",3
"03.12.2014",3
"04.12.2014",3
"05.12.2014",3
"06.12.2014",3
"07.12.2014",3
"08.12.2014",5
"09.12.2014",4
"10.12.2014",7
"11.12.2014",5
"12.12.2014",15
"13.12.2014",17
"14.12.2014",8
"15.12.2014",20
"16.12.2014",15
"17.12.2014",16
"18.12.2014",12
"19.12.2014",12
"20.12.2014",12
"21.12.2014",12
"22.12.2014",12
"23.12.2014",12
"24.12.2014",12
"25.12.2014",12
"26.12.2014",12
"27.12.2014",12
"28.12.2014",12
"29.12.2014",7
"30.12.2014",7
"31.12.2014",8
"01.01.2015",8
"02.01.2015",8
"03.01.2015",9
"04.01.2015",9
"05.01.2015",9
"06.01.2015",9
"07.01.2015",9
"08.01.2015",7
"09.01.2015",7
"10.01.2015",7
"11.01.2015",7
"12.01.2015",7
"13.01.2015",6
"14.01.2015",6
"15.01.2015",5
"16.01.2015",5
"17.01.2015",5
"18.01.2015",5
"19.01.2015",5
"20.01.2015",6
"21.01.2015",6
"22.01.2015",3
"23.01.2015",3
"24.01.2015",3
"25.01.2015",3
"26.01.2015",3
"27.01.2015",0
"28.01.2015",0
"29.01.2015",0
"30.01.2015",0
"31.01.2015",0
"01.02.2015",0
"02.02.2015",0
"03.02.2015",0
"04.02.2015",5
"05.02.2015",5
"06.02.2015",5
"07.02.2015",5
"08.02.2015",5
"09.02.2015",0
"10.02.2015",0
"11.02.2015",0
"12.02.2015",0
"13.02.2015",0
"14.02.2015",0
"15.02.2015",0
"16.02.2015",0
"17.02.2015",0
"18.02.2015",0
"19.02.2015",0
"20.02.2015",0
"21.02.2015",0
"22.02.2015",0
"23.02.2015",0
"24.02.2015",0
"25.02.2015",0
"26.02.2015",0
"27.02.2015",0
"28.02.2015",0
"01.03.2015",0
"02.03.2015",0
"03.03.2015",0
"04.03.2015",5
"05.03.2015",6
"06.03.2015",6
"07.03.2015",6
"08.03.2015",7
"09.03.2015",7
"10.03.2015",0
"11.03.2015",0
"12.03.2015",0
"13.03.2015",0
"14.03.2015",0
"15.03.2015",0
"16.03.2015",0
"17.03.2015",0
"18.03.2015",0
"19.03.2015",0
"20.03.2015",0
"21.03.2015",0
"22.03.2015",0
"23.03.2015",7
"24.03.2015",7
"25.03.2015",7
"26.03.2015",7
"27.03.2015",10
"28.03.2015",10
"29.03.2015",10
"30.03.2015",9
"31.03.2015",9
"01.04.2015",9
"02.04.2015",9
"03.04.2015",9
"04.04.2015",9
"05.04.2015",9
"06.04.2015",9
"07.04.2015",9
"08.04.2015",9
"09.04.2015",9
"10.04.2015",9
"11.04.2015",10
"12.04.2015",10
"13.04.2015",9
"14.04.2015",9
"15.04.2015",9
"16.04.2015",9
"17.04.2015",6
"18.04.2015",6
"19.04.2015",8
"20.04.2015",8
"21.04.2015",8
"22.04.2015",7
"23.04.2015",7
"24.04.2015",7
"25.04.2015",7
"26.04.2015",7
"27.04.2015",0
"28.04.2015",0
"29.04.2015",31
"30.04.2015",0
"01.05.2015",0
"02.05.2015",0
"03.05.2015",0
"04.05.2015",0
"05.05.2015",8
"06.05.2015",7
"07.05.2015",7
"08.05.2015",7
"09.05.2015",7
"10.05.2015",7
"11.05.2015",7
"12.05.2015",7
"13.05.2015",7
"14.05.2015",7
"15.05.2015",5
"16.05.2015",5
"17.05.2015",5
"18.05.2015",0
"19.05.2015",0
"20.05.2015",0
"21.05.2015",0
"22.05.2015",0
"23.05.2015",0
"24.05.2015",0
"25.05.2015",0
"26.05.2015",0
"27.05.2015",0
"28.05.2015",0
"29.05.2015",0
"30.05.2015",0
"31.05.2015",0
"01.06.2015",0
"02.06.2015",0
"03.06.2015",0
"04.06.2015",0
"05.06.2015",0
"06.06.2015",0
"07.06.2015",0
"08.06.2015",0
"09.06.2015",0
"01.08.2015",0
"02.08.2015",0
"03.08.2015",0
"04.08.2015",0
"05.08.2015",0
"06.08.2015",0
"07.08.2015",0
"08.08.2015",0
"09.08.2015",0
"10.08.2015",0
"11.08.2015",0
"12.08.2015",0
"13.08.2015",0
"14.08.2015",0
"15.08.2015",0
"16.08.2015",0
"17.08.2015",0
"18.08.2015",0
"19.08.2015",0
"20.08.2015",0
"21.08.2015",0
"22.08.2015",0
"23.08.2015",0
"24.08.2015",0
"25.08.2015",0
"26.08.2015",0
"27.08.2015",0
"28.08.2015",0
"29.08.2015",0
"30.08.2015",0
"31.08.2015",0
"01.09.2015",0
"02.09.2015",0
"03.09.2015",0
"04.09.2015",0
"05.09.2015",0
"06.09.2015",0
"07.09.2015",0
"08.09.2015",0
"09.09.2015",0
"10.09.2015",0
"11.09.2015",0
"12.09.2015",0
"13.09.2015",0
"14.09.2015",0
"15.09.2015",0
"16.09.2015",0
"17.09.2015",0
"18.09.2015",0
"19.09.2015",0
"20.09.2015",0
"21.09.2015",0
"22.09.2015",0
"23.09.2015",0
"24.09.2015",0
"25.09.2015",0
"26.09.2015",0
"27.09.2015",0
"28.09.2015",0
"29.09.2015",0
"30.09.2015",0
"01.10.2015",0
"02.10.2015",0
"03.10.2015",0
"04.10.2015",0
"05.10.2015",0
"06.10.2015",0
"07.10.2015",0
"08.10.2015",0
"09.10.2015",0
"10.10.2015",0
"11.10.2015",0
"12.10.2015",0
"13.10.2015",2
"14.10.2015",2
"15.10.2015",1
"16.10.2015",4
"17.10.2015",4
"18.10.2015",4
"19.10.2015",4
"20.10.2015",4
"21.10.2015",2
"22.10.2015",2
"23.10.2015",2
"24.10.2015",3
"25.10.2015",3
"26.10.2015",2
"27.10.2015",4
"28.10.2015",4
"29.10.2015",4
"30.10.2015",2
"31.10.2015",1
"01.11.2015",1
"02.11.2015",0
"03.11.2015",0
"04.11.2015",4
"05.11.2015",7
"06.11.2015",7
"07.11.2015",13
"08.11.2015",12
"09.11.2015",4
"10.11.2015",2
"11.11.2015",2
"12.11.2015",2
"13.11.2015",1
"14.11.2015",1
"15.11.2015",2
"16.11.2015",3
"17.11.2015",3
"18.11.2015",3
"19.11.2015",5
"20.11.2015",3
"21.11.2015",3
"22.11.2015",3
"23.11.2015",4
"24.11.2015",4
"25.11.2015",4
"26.11.2015",4
"27.11.2015",4
"28.11.2015",3
"29.11.2015",2
"30.11.2015",2
"01.12.2015",2
"02.12.2015",3
"03.12.2015",3
"04.12.2015",3
"05.12.2015",4
"06.12.2015",4
"07.12.2015",4
"08.12.2015",4
"09.12.2015",4
"10.12.2015",4
"11.12.2015",5
"12.12.2015",5
"13.12.2015",8
"14.12.2015",8
"15.12.2015",7
"16.12.2015",7
"17.12.2015",6
"18.12.2015",6
"19.12.2015",10
"20.12.2015",8
"21.12.2015",8
"22.12.2015",5
"23.12.2015",3
"24.12.2015",12
"25.12.2015",9
"26.12.2015",9
"27.12.2015",9
"28.12.2015",12
"29.12.2015",14
"30.12.2015",4
"31.12.2015",10
"01.01.2016",10
"02.01.2016",1
"03.01.2016",1
"04.01.2016",1
"05.01.2016",1
"06.01.2016",1
"07.01.2016",0
"08.01.2016",0
"09.01.2016",0
"10.01.2016",0
"11.01.2016",0
"12.01.2016",0
"13.01.2016",0
"14.01.2016",0
"15.01.2016",24
"16.01.2016",9
"17.01.2016",6
"18.01.2016",6
"19.01.2016",6
"20.01.2016",6
"21.01.2016",8
"22.01.2016",8
"23.01.2016",10
"24.01.2016",10
"25.01.2016",8
"26.01.2016",4
"27.01.2016",4
"28.01.2016",4
"29.01.2016",4
"30.01.2016",4
"31.01.2016",4
"01.02.2016",5
"02.02.2016",5
"03.02.2016",5
"04.02.2016",4
"05.02.2016",4
"06.02.2016",4
"07.02.2016",4
"08.02.2016",4
"09.02.2016",4
"10.02.2016",4
"11.02.2016",4
"12.02.2016",5
"13.02.2016",4
"14.02.2016",4
"15.02.2016",4
"16.02.2016",4
"17.02.2016",4
"18.02.2016",4
"19.02.2016",4
"20.02.2016",4
"21.02.2016",3
"22.02.2016",5
"23.02.2016",5
"24.02.2016",5
"25.02.2016",4
"26.02.2016",4
"27.02.2016",4
"28.02.2016",3
"29.02.2016",4
"01.03.2016",4
"02.03.2016",4
"03.03.2016",3
"04.03.2016",3
"05.03.2016",5
"06.03.2016",5
"07.03.2016",5
"08.03.2016",5
"09.03.2016",5
"10.03.2016",5
"11.03.2016",5
"12.03.2016",2
"13.03.2016",5
"14.03.2016",3
"15.03.2016",8
"16.03.2016",6
"17.03.2016",6
"18.03.2016",5
"19.03.2016",5
"20.03.2016",5
"21.03.2016",5
"22.03.2016",9
"23.03.2016",9
"24.03.2016",10
"25.03.2016",10
"26.03.2016",10
"27.03.2016",11
"28.03.2016",11
"29.03.2016",9
"30.03.2016",9
"31.03.2016",9
"01.04.2016",9
"02.04.2016",9
"03.04.2016",9
"04.04.2016",14
"05.04.2016",12
"06.04.2016",11
"07.04.2016",12
"08.04.2016",12
"09.04.2016",12
"10.04.2016",13
"11.04.2016",13
"12.04.2016",13
"13.04.2016",13
"14.04.2016",13
"15.04.2016",13
"16.04.2016",13
"17.04.2016",13
"18.04.2016",12
"19.04.2016",12
"20.04.2016",12
"21.04.2016",12
"22.04.2016",12
"23.04.2016",12
"24.04.2016",12
"25.04.2016",12
"26.04.2016",10
"27.04.2016",10
"28.04.2016",10
"29.04.2016",10
"30.04.2016",10
"01.05.2016",7
"02.05.2016",5
"03.05.2016",5
"05.05.2016",5
"06.05.2016",5
"07.05.2016",5
"08.05.2016",4
"09.05.2016",0
"10.05.2016",0
"11.05.2016",0
"12.05.2016",0
"13.05.2016",0
"14.05.2016",0
"15.05.2016",0
"16.05.2016",0
"17.05.2016",0
"18.05.2016",0
"19.05.2016",0
"20.05.2016",0
"21.05.2016",0
"22.05.2016",0
"23.05.2016",0
"24.05.2016",0
"25.05.2016",0
"26.05.2016",0
"27.05.2016",0
"28.05.2016",0
"29.05.2016",0
"30.05.2016",0
"31.05.2016",0
"01.06.2016",0
"02.06.2016",0
"03.06.2016",0
"04.06.2016",0
"05.06.2016",0
"06.06.2016",0
"07.06.2016",0
"08.06.2016",0
"09.06.2016",0
"10.06.2016",0
"11.06.2016",0
"12.06.2016",0
"13.06.2016",0
"14.06.2016",0
"15.06.2016",0
"16.06.2016",0
"17.06.2016",0
"18.06.2016",0
"19.06.2016",0
"20.06.2016",0
"21.06.2016",0
"22.06.2016",0
"23.06.2016",0
"24.06.2016",0
"25.06.2016",0
"26.06.2016",0
"27.06.2016",0
"28.06.2016",0
"29.06.2016",0
"30.06.2016",0
"01.07.2016",0
"02.07.2016",0
"03.07.2016",0
"04.07.2016",0
"05.07.2016",0
"06.07.2016",0
"07.07.2016",0
"08.07.2016",0
"09.07.2016",0
"10.07.2016",0
"11.07.2016",0
"12.07.2016",0
"13.07.2016",0
"14.07.2016",0
"15.07.2016",0
"16.07.2016",0
"17.07.2016",0
"18.07.2016",0
"19.07.2016",0
"20.07.2016",0
"21.07.2016",0
"22.07.2016",0
"23.07.2016",0
"24.07.2016",0
"25.07.2016",0
"26.07.2016",0
"27.07.2016",0
"28.07.2016",0
"29.07.2016",0
"30.07.2016",0
"31.07.2016",0
"01.08.2016",0
"02.08.2016",0
"03.08.2016",0
"04.08.2016",0
"05.08.2016",0
"06.08.2016",0
"07.08.2016",0
"08.08.2016",0
"09.08.2016",0
"10.08.2016",0
"11.08.2016",0
"12.08.2016",0
"13.08.2016",0
"14.08.2016",0
"15.08.2016",0
"16.08.2016",0
"17.08.2016",0
"18.08.2016",0
"19.08.2016",0
"20.08.2016",0
"21.08.2016",0
"22.08.2016",0
"23.08.2016",0
"24.08.2016",0
"25.08.2016",0
"26.08.2016",0
"27.08.2016",0
"28.08.2016",0
"29.08.2016",0
"30.08.2016",0
"31.08.2016",0
"01.09.2016",0
"02.09.2016",0
"03.09.2016",0
"04.09.2016",0
"05.09.2016",0
"06.09.2016",0
"07.09.2016",0
"08.09.2016",0
"09.09.2016",0
"10.09.2016",0
"11.09.2016",0
"12.09.2016",0
"13.09.2016",0
"14.09.2016",0
"15.09.2016",0
"16.09.2016",0
"17.09.2016",0
"18.09.2016",0
"19.09.2016",0
"20.09.2016",0
"21.09.2016",0
"22.09.2016",0
"23.09.2016",0
"24.09.2016",0
"25.09.2016",0
"26.09.2016",0
"27.09.2016",0
"28.09.2016",0
"29.09.2016",0
"30.09.2016",0
"01.10.2016",0
"02.10.2016",0
"03.10.2016",0
"04.10.2016",1
"05.10.2016",0
"06.10.2016",0
"07.10.2016",0
"08.10.2016",0
"09.10.2016",0
"10.10.2016",0
"11.10.2016",0
"12.10.2016",0
"13.10.2016",0
"14.10.2016",0
"15.10.2016",0
"16.10.2016",0
"17.10.2016",0
"18.10.2016",0
"19.10.2016",0
"20.10.2016",0
"21.10.2016",0
"22.10.2016",0
"23.10.2016",0
"24.10.2016",0
"25.10.2016",0
"26.10.2016",0
"27.10.2016",0
"28.10.2016",0
"29.10.2016",0
"30.10.2016",0
"31.10.2016",0
"01.11.2016",0
"02.11.2016",0
"03.11.2016",0
"04.11.2016",0
"05.11.2016",0
"06.11.2016",0
"07.11.2016",0
"08.11.2016",0
"09.11.2016",0
"10.11.2016",0
"11.11.2016",0
"12.11.2016",2
"13.11.2016",2
"14.11.2016",1
"15.11.2016",1
"16.11.2016",1
"17.11.2016",0
"18.11.2016",0
"19.11.2016",0
"20.11.2016",0
"21.11.2016",0
"22.11.2016",0
"23.11.2016",0
"24.11.2016",0
"25.11.2016",0
"26.11.2016",2
"27.11.2016",2
"28.11.2016",2
"29.11.2016",0
"30.11.2016",0
"01.12.2016",0
"02.12.2016",0
"03.12.2016",5
"04.12.2016",8
"05.12.2016",5
"06.12.2016",5
"07.12.2016",5
"08.12.2016",5
"09.12.2016",5
"10.12.2016",5
"11.12.2016",5
"12.12.2016",5
"13.12.2016",5
"14.12.2016",5
"15.12.2016",5
"16.12.2016",8
"17.12.2016",8
"18.12.2016",11
"19.12.2016",14
"20.12.2016",15
"21.12.2016",14
"22.12.2016",14
"23.12.2016",14
"24.12.2016",15
"25.12.2016",19
"26.12.2016",18
"27.12.2016",19
"28.12.2016",18
"29.12.2016",15
"30.12.2016",19
"31.12.2016",19
"01.01.2017",19
"02.01.2017",19
"03.01.2017",18
"04.01.2017",18
"05.01.2017",18
"06.01.2017",20
"07.01.2017",15
"08.01.2017",15
"09.01.2017",15
"10.01.2017",15
"11.01.2017",22
"12.01.2017",33
"13.01.2017",33
"14.01.2017",33
"15.01.2017",33
"16.01.2017",27
"17.01.2017",28
"18.01.2017",28
"19.01.2017",34
"20.01.2017",34
"21.01.2017",34
"22.01.2017",34
"23.01.2017",26
"24.01.2017",25
"25.01.2017",25
"26.01.2017",26
"27.01.2017",26
"28.01.2017",26
"29.01.2017",26
"30.01.2017",27
"31.01.2017",27
"01.02.2017",27
"02.02.2017",27
"03.02.2017",27
"04.02.2017",17
"05.02.2017",17
"06.02.2017",20
"07.02.2017",17
"08.02.2017",17
"09.02.2017",15
"10.02.2017",15
"11.02.2017",8
"12.02.2017",15
"13.02.2017",12
"14.02.2017",12
"15.02.2017",9
"16.02.2017",10
"17.02.2017",14
"18.02.2017",12
"19.02.2017",10
"20.02.2017",24
"21.02.2017",19
"22.02.2017",12
"23.02.2017",12
"24.02.2017",10
"25.02.2017",10
"26.02.2017",10
"27.02.2017",10
"28.02.2017",10
"01.03.2017",10
"02.03.2017",10
"03.03.2017",10
"04.03.2017",10
"05.03.2017",10
"06.03.2017",10
"07.03.2017",14
"08.03.2017",14
"09.03.2017",14
"10.03.2017",15
"11.03.2017",15
"12.03.2017",20
"13.03.2017",20
"14.03.2017",22
"15.03.2017",22
"16.03.2017",22
"17.03.2017",30
"18.03.2017",30
"19.03.2017",30
"20.03.2017",30
"21.03.2017",30
"22.03.2017",30
"23.03.2017",30
"24.03.2017",35
"25.03.2017",35
"26.03.2017",35
"27.03.2017",35
"28.03.2017",30
"29.03.2017",30
"30.03.2017",30
"31.03.2017",32
"01.04.2017",32
"02.04.2017",32
"03.04.2017",32
"04.04.2017",32
"05.04.2017",32
"06.04.2017",32
"07.04.2017",30
"08.04.2017",30
"09.04.2017",31
"10.04.2017",32
"11.04.2017",32
"12.04.2017",32
"13.04.2017",32
"14.04.2017",32
"15.04.2017",32
"16.04.2017",32
"17.04.2017",32
"18.04.2017",32
"19.04.2017",30
"20.04.2017",30
"21.04.2017",30
"22.04.2017",30
"23.04.2017",30
"24.04.2017",30
"25.04.2017",30
"26.04.2017",30
"27.04.2017",29
"28.04.2017",29
"29.04.2017",28
"30.04.2017",28
"01.05.2017",25
"02.05.2017",25
"03.05.2017",25
"04.05.2017",16
"05.05.2017",16
"06.05.2017",16
"07.05.2017",16
"08.05.2017",15
"09.05.2017",15
"10.05.2017",15
"11.05.2017",14
"12.05.2017",13
"13.05.2017",13
"14.05.2017",13
"15.05.2017",13
"16.05.2017",12
"17.05.2017",12
"18.05.2017",14
"19.05.2017",14
"20.05.2017",14
"21.05.2017",14
"22.05.2017",12
"23.05.2017",12
"24.05.2017",8
"25.05.2017",8
"26.05.2017",7
"27.05.2017",0
"28.05.2017",0
"29.05.2017",0
"30.05.2017",0
"31.05.2017",0
"01.06.2017",0
"02.06.2017",0
"03.06.2017",0
"05.06.2017",0
"06.06.2017",0
"07.06.2017",0
"08.06.2017",0
"09.06.2017",0
"10.06.2017",0
"11.06.2017",0
"12.06.2017",0
"13.06.2017",0
"14.06.2017",0
"15.06.2017",0
"16.06.2017",0
"17.06.2017",0
"18.06.2017",0
"19.06.2017",0
"20.06.2017",0
"21.06.2017",0
"22.06.2017",0
"23.06.2017",0
"24.06.2017",0
"25.06.2017",0
"26.06.2017",0
"27.06.2017",0
"28.06.2017",0
"29.06.2017",0
"30.06.2017",0
"01.07.2017",0
"02.07.2017",0
"03.07.2017",0
"04.07.2017",0
"05.07.2017",0
"06.07.2017",0
"07.07.2017",0
"08.07.2017",0
"09.07.2017",0
"10.07.2017",0
"11.07.2017",0
"12.07.2017",0
"13.07.2017",0
"14.07.2017",0
"15.07.2017",0
"16.07.2017",0
"17.07.2017",0
"18.07.2017",0
"19.07.2017",0
"20.07.2017",0
"21.07.2017",0
"22.07.2017",0
"23.07.2017",0
"24.07.2017",0
"25.07.2017",0
"26.07.2017",0
"27.07.2017",0
"28.07.2017",0
"29.07.2017",0
"30.07.2017",0
"31.07.2017",0
"01.08.2017",0
"02.08.2017",0
"03.08.2017",0
"04.08.2017",0
"05.08.2017",0
"06.08.2017",0
"07.08.2017",0
"08.08.2017",0
"09.08.2017",0
"10.08.2017",0
"11.08.2017",0
"12.08.2017",0
"13.08.2017",0
"14.08.2017",0
"15.08.2017",0
"16.08.2017",0
"17.08.2017",0
"18.08.2017",0
"19.08.2017",0
"20.08.2017",0
"21.08.2017",0
"22.08.2017",0
"23.08.2017",0
"24.08.2017",0
"25.08.2017",0
"26.08.2017",0
"27.08.2017",0
"28.08.2017",0
"29.08.2017",0
"30.08.2017",0
"31.08.2017",0
"01.09.2017",0
"02.09.2017",0
"03.09.2017",0
"04.09.2017",0
"05.09.2017",0
"06.09.2017",0
"07.09.2017",0
"08.09.2017",0
"09.09.2017",0
"10.09.2017",0
"11.09.2017",0
"12.09.2017",0
"13.09.2017",0
"14.09.2017",0
"15.09.2017",0
"16.09.2017",0
"17.09.2017",0
"18.09.2017",0
"19.09.2017",0
"20.09.2017",0
"21.09.2017",0
"22.09.2017",0
"23.09.2017",0
"24.09.2017",0
"25.09.2017",0
"26.09.2017",0
"27.09.2017",0
"28.09.2017",0
"29.09.2017",0
"30.09.2017",0
"01.10.2017",0
"02.10.2017",0
"03.10.2017",0
"04.10.2017",0
"05.10.2017",0
"06.10.2017",0
"07.10.2017",0
"08.10.2017",0
"09.10.2017",0
"10.10.2017",0
"11.10.2017",0
"12.10.2017",0
"13.10.2017",0
"14.10.2017",0
"15.10.2017",0
"16.10.2017",0
"17.10.2017",0
"18.10.2017",0
"19.10.2017",0
"20.10.2017",0
"21.10.2017",0
"22.10.2017",0
"23.10.2017",0
"24.10.2017",0
"25.10.2017",0
"26.10.2017",0
"27.10.2017",0
"28.10.2017",0
"29.10.2017",0
"30.10.2017",0
"31.10.2017",0
"01.11.2017",0
"02.11.2017",0
"03.11.2017",0
"04.11.2017",1
"05.11.2017",0
"06.11.2017",0
"07.11.2017",0
"08.11.2017",0
"09.11.2017",0
"10.11.2017",0
"11.11.2017",0
"12.11.2017",0
"13.11.2017",0
"14.11.2017",0
"15.11.2017",0
"16.11.2017",0
"17.11.2017",0
"18.11.2017",0
"19.11.2017",0
"20.11.2017",0
"21.11.2017",0
"22.11.2017",0
"23.11.2017",0
"24.11.2017",0
"25.11.2017",0
"26.11.2017",0
"27.11.2017",0
"28.11.2017",1
"29.11.2017",1
"30.11.2017",1
"01.12.2017",5
"02.12.2017",5
"03.12.2017",8
"04.12.2017",7
"05.12.2017",6
"06.12.2017",6
"07.12.2017",6
"08.12.2017",6
"09.12.2017",6
"10.12.2017",6
"11.12.2017",5
"12.12.2017",5
"13.12.2017",5
"14.12.2017",6
"15.12.2017",6
"16.12.2017",6
"17.12.2017",3
"18.12.2017",12
"19.12.2017",8
"20.12.2017",5
"21.12.2017",9
"22.12.2017",10
"23.12.2017",10
"24.12.2017",10
"25.12.2017",10
"26.12.2017",10
"27.12.2017",10
"28.12.2017",10
"29.12.2017",10
"30.12.2017",9
"31.12.2017",9
"01.01.2018",9
"02.01.2018",9
"03.01.2018",9
"04.01.2018",9
"05.01.2018",9
"06.01.2018",10
"07.01.2018",10
"08.01.2018",10
"09.01.2018",10
"10.01.2018",10
"11.01.2018",10
"12.01.2018",8
"13.01.2018",6
"14.01.2018",1
"15.01.2018",5
"16.01.2018",5
"17.01.2018",2
"18.01.2018",0
"19.01.2018",0
"20.01.2018",0
"21.01.2018",1
"22.01.2018",1
"23.01.2018",1
"24.01.2018",1
"25.01.2018",1
"26.01.2018",1
"27.01.2018",1
"28.01.2018",4
"29.01.2018",7
"30.01.2018",8
"31.01.2018",8
"01.02.2018",8
"02.02.2018",8
"03.02.2018",2
"04.02.2018",3
"05.02.2018",3
"06.02.2018",12
"07.02.2018",12
"08.02.2018",12
"09.02.2018",12
"10.02.2018",8
"11.02.2018",8
"12.02.2018",8
"13.02.2018",8
"14.02.2018",8
"15.02.2018",8
"16.02.2018",8
"17.02.2018",8
"18.02.2018",8
"19.02.2018",8
"20.02.2018",7
"21.02.2018",7
"22.02.2018",7
"23.02.2018",7
"24.02.2018",7
"25.02.2018",7
"26.02.2018",7
"27.02.2018",0
"28.02.2018",0
"01.03.2018",0
"02.03.2018",0
"03.03.2018",0
"04.03.2018",0
"05.03.2018",0
"06.03.2018",0
"07.03.2018",0
"08.03.2018",0
"09.03.2018",0
"10.03.2018",0
"11.03.2018",0
"12.03.2018",0
"13.03.2018",0
"14.03.2018",0
"15.03.2018",0
"16.03.2018",2
"17.03.2018",3
"18.03.2018",5
"19.03.2018",0
"20.03.2018",0
"21.03.2018",0
"22.03.2018",0
"23.03.2018",0
"24.03.2018",0
"25.03.2018",0
"26.03.2018",0
"27.03.2018",0
"28.03.2018",7
"29.03.2018",5
"30.03.2018",5
"31.03.2018",4
"01.04.2018",5
"02.04.2018",4
"03.04.2018",4
"04.04.2018",4
"05.04.2018",0
"06.04.2018",0
"07.04.2018",0
"08.04.2018",0
"09.04.2018",0
"10.04.2018",0
"11.04.2018",0
"12.04.2018",4
"13.04.2018",2
"14.04.2018",2
"15.04.2018",2
"16.04.2018",0
"17.04.2018",0
"18.04.2018",0
"19.04.2018",0
"20.04.2018",0
"21.04.2018",2
"22.04.2018",3
"23.04.2018",3
"24.04.2018",3
"25.04.2018",3
"26.04.2018",3
"27.04.2018",3
"28.04.2018",3
"29.04.2018",5
"30.04.2018",5
"01.05.2018",5
"02.05.2018",3
"03.05.2018",0
"04.05.2018",0
"05.05.2018",0
"06.05.2018",0
"07.05.2018",7
"08.05.2018",0
"09.05.2018",0
"10.05.2018",0
"11.05.2018",0
"12.05.2018",0
"13.05.2018",0
"14.05.2018",0
"15.05.2018",0
"16.05.2018",0
"17.05.2018",0
"18.05.2018",0
"19.05.2018",0
"20.05.2018",0
"22.05.2018",0
"23.05.2018",0
"24.05.2018",0
"25.05.2018",0
"26.05.2018",0
"27.05.2018",0
"28.05.2018",0
"29.05.2018",0
"30.05.2018",0
"31.05.2018",0
"01.06.2018",0
"02.06.2018",0
"03.06.2018",0
"04.06.2018",0
"05.06.2018",0
"06.06.2018",0
"07.06.2018",0
"08.06.2018",0
"09.06.2018",0
"10.06.2018",0
"11.06.2018",0
"12.06.2018",0
"13.06.2018",0
"14.06.2018",0
"15.06.2018",0
"16.06.2018",0
"17.06.2018",0
"18.06.2018",0
"19.06.2018",0
"20.06.2018",0
"21.06.2018",0
"22.06.2018",0
"23.06.2018",0
"24.06.2018",0
"25.06.2018",0
"26.06.2018",0
"27.06.2018",0
"28.06.2018",0
"29.06.2018",0
"30.06.2018",0
"01.07.2018",0
"02.07.2018",0
"03.07.2018",0
"04.07.2018",0
"05.07.2018",0
"06.07.2018",0
"07.07.2018",0
"08.07.2018",0
"09.07.2018",0
"10.07.2018",0
"11.07.2018",0
"12.07.2018",0
"13.07.2018",0
"14.07.2018",0
"15.07.2018",0
"16.07.2018",0
"17.07.2018",0
"18.07.2018",0
"19.07.2018",0
"20.07.2018",0
"21.07.2018",0
"22.07.2018",0
"23.07.2018",0
"24.07.2018",0
"25.07.2018",0
"26.07.2018",0
"27.07.2018",0
"28.07.2018",0
"29.07.2018",0
"30.07.2018",0
"31.07.2018",0
"01.08.2018",0
"02.08.2018",0
"03.08.2018",0
"04.08.2018",0
"05.08.2018",0
"06.08.2018",0
"07.08.2018",0
"08.08.2018",0
"09.08.2018",0
"10.08.2018",0
"11.08.2018",0
"12.08.2018",0
"13.08.2018",0
"14.08.2018",0
"15.08.2018",0
"16.08.2018",0
"17.08.2018",0
"18.08.2018",0
"19.08.2018",0
"20.08.2018",0
"21.08.2018",0
"22.08.2018",0
"23.08.2018",0
"24.08.2018",0
"25.08.2018",0
"26.08.2018",0
"27.08.2018",0
"28.08.2018",0
"29.08.2018",0
"30.08.2018",0
"31.08.2018",0
"01.09.2018",0
"02.09.2018",0
"03.09.2018",0
"04.09.2018",0
"05.09.2018",0
"06.09.2018",0
"07.09.2018",0
"08.09.2018",0
"09.09.2018",0
"10.09.2018",0
"11.09.2018",0
"12.09.2018",0
"13.09.2018",0
"14.09.2018",0
"15.09.2018",0
"16.09.2018",0
"17.09.2018",0
"18.09.2018",0
"19.09.2018",0
"20.09.2018",0
"21.09.2018",0
"22.09.2018",0
"23.09.2018",0
"24.09.2018",0
"25.09.2018",0
"26.09.2018",5
"27.09.2018",4
"28.09.2018",4
"29.09.2018",5
"30.09.2018",5
"01.10.2018",4
"02.10.2018",3
"03.10.2018",3
"04.10.2018",3
"05.10.2018",3
"06.10.2018",8
"07.10.2018",12
"08.10.2018",7
"09.10.2018",7
"10.10.2018",6
"11.10.2018",6
"12.10.2018",6
"13.10.2018",6
"14.10.2018",2
"15.10.2018",0
"16.10.2018",0
"17.10.2018",0
"18.10.2018",0
"19.10.2018",0
"20.10.2018",0
"21.10.2018",0
"22.10.2018",0
"23.10.2018",0
"24.10.2018",1
"25.10.2018",1
"26.10.2018",1
"27.10.2018",1
"28.10.2018",2
"29.10.2018",3
"30.10.2018",3
"31.10.2018",3
"01.11.2018",2
"02.11.2018",3
"03.11.2018",3
"04.11.2018",3
"05.11.2018",3
"06.11.2018",3
"07.11.2018",3
"08.11.2018",3
"09.11.2018",3
"10.11.2018",3
"11.11.2018",0
"12.11.2018",2
"13.11.2018",2
"14.11.2018",3
"15.11.2018",2
"16.11.2018",2
"17.11.2018",2
"18.11.2018",2
"19.11.2018",0
"20.11.2018",2
"21.11.2018",1
"22.11.2018",1
"23.11.2018",1
"24.11.2018",1
"25.11.2018",1
"26.11.2018",1
"27.11.2018",1
"28.11.2018",9
"29.11.2018",23
"30.11.2018",10
"01.12.2018",12
"02.12.2018",11
"03.12.2018",11
"04.12.2018",9
"05.12.2018",8
"06.12.2018",7
"07.12.2018",9
"08.12.2018",12
"09.12.2018",11
"10.12.2018",11
"11.12.2018",18
"12.12.2018",18
"13.12.2018",9
"14.12.2018",19
"15.12.2018",15
"16.12.2018",11
"17.12.2018",11
"18.12.2018",11
"19.12.2018",10
"20.12.2018",10
"21.12.2018",12
"22.12.2018",12
"23.12.2018",22
"24.12.2018",22
"25.12.2018",22
"26.12.2018",19
"27.12.2018",18
"28.12.2018",18
"29.12.2018",11
"30.12.2018",11
"31.12.2018",11
"01.01.2019",11
"02.01.2019",11
"03.01.2019",11
"04.01.2019",11
"05.01.2019",15
"06.01.2019",14
"07.01.2019",12
"08.01.2019",11
"09.01.2019",15
"10.01.2019",13
"11.01.2019",13
"12.01.2019",12
"13.01.2019",10
"14.01.2019",10
"15.01.2019",10
"16.01.2019",10
"17.01.2019",10
"18.01.2019",10
"19.01.2019",10
"20.01.2019",10
"21.01.2019",10
"22.01.2019",10
"23.01.2019",10
"24.01.2019",9
"25.01.2019",9
"26.01.2019",9
"27.01.2019",9
"28.01.2019",9
"29.01.2019",9
"30.01.2019",10
"31.01.2019",10
"01.02.2019",10
"02.02.2019",10
"03.02.2019",10
"04.02.2019",10
"05.02.2019",9
"06.02.2019",9
"07.02.2019",8
"08.02.2019",8
"09.02.2019",8
"10.02.2019",8
"11.02.2019",9
"12.02.2019",10
"13.02.2019",10
"14.02.2019",10
"15.02.2019",10
"16.02.2019",10
"17.02.2019",10
"18.02.2019",10
"19.02.2019",10
"20.02.2019",10
"21.02.2019",9
"22.02.2019",14
"23.02.2019",14
"24.02.2019",14
"25.02.2019",14
"26.02.2019",14
"27.02.2019",14
"28.02.2019",14
"01.03.2019",14
"02.03.2019",14
"03.03.2019",14
"04.03.2019",15
"05.03.2019",15
"06.03.2019",15
"07.03.2019",15
"08.03.2019",15
"09.03.2019",15
"10.03.2019",15
"11.03.2019",15
"12.03.2019",15
"13.03.2019",15
"14.03.2019",15
"15.03.2019",15
"16.03.2019",14
"17.03.2019",14
"18.03.2019",14
"19.03.2019",14
"20.03.2019",14
"21.03.2019",13
"22.03.2019",13
"23.03.2019",16
"24.03.2019",16
"25.03.2019",16
"26.03.2019",16
"27.03.2019",16
"28.03.2019",16
"29.03.2019",16
"30.03.2019",15
"31.03.2019",15
"01.04.2019",15
"02.04.2019",15
"03.04.2019",14
"04.04.2019",18
"05.04.2019",14
"06.04.2019",14
"07.04.2019",14
"08.04.2019",14
"09.04.2019",14
"10.04.2019",15
"11.04.2019",17
"12.04.2019",13
"13.04.2019",13
"14.04.2019",14
"15.04.2019",13
"16.04.2019",11
"17.04.2019",8
"18.04.2019",5
"19.04.2019",3
"20.04.2019",3
"21.04.2019",3
"22.04.2019",3
"23.04.2019",3
"24.04.2019",3
"25.04.2019",6
"26.04.2019",12
"27.04.2019",8
"28.04.2019",11
"29.04.2019",8
"30.04.2019",10
"01.05.2019",11
"02.05.2019",9
"03.05.2019",9
"04.05.2019",9
"05.05.2019",5
"06.05.2019",3
"07.05.2019",5
"08.05.2019",5
"09.05.2019",5
"10.05.2019",5
"11.05.2019",5
"12.05.2019",5
"13.05.2019",5
"14.05.2019",3
"15.05.2019",5
"16.05.2019",5
"17.05.2019",4
"18.05.2019",4
"19.05.2019",4
"20.05.2019",4
"21.05.2019",0
"22.05.2019",0
"23.05.2019",0
"24.05.2019",0
"25.05.2019",0
"26.05.2019",0
"27.05.2019",0
"28.05.2019",0
"29.05.2019",0
"30.05.2019",0
"31.05.2019",0
"01.06.2019",0
"02.06.2019",0
"03.06.2019",0
"04.06.2019",0
"05.06.2019",0
"06.06.2019",0
"07.06.2019",0
"08.06.2019",0
"09.06.2019",0
"10.06.2019",0
"11.06.2019",0
"12.06.2019",0
"13.06.2019",0
"14.06.2019",0
"15.06.2019",0
"16.06.2019",0
"17.06.2019",0
"18.06.2019",0
"19.06.2019",0
"20.06.2019",0
"21.06.2019",0
"22.06.2019",0
"23.06.2019",0
"24.06.2019",0
"25.06.2019",0
"26.06.2019",0
"27.06.2019",0
"28.06.2019",0
"29.06.2019",0
"30.06.2019",0
"01.07.2019",0
"02.07.2019",0
"03.07.2019",0
"04.07.2019",0
"05.07.2019",0
"06.07.2019",0
"07.07.2019",0
"08.07.2019",0
"09.07.2019",0
"10.07.2019",0
"11.07.2019",0
"12.07.2019",0
"13.07.2019",0
"14.07.2019",0
"15.07.2019",0
"16.07.2019",0
"17.07.2019",0
"18.07.2019",0
"19.07.2019",0
"20.07.2019",0
"21.07.2019",0
"22.07.2019",0
"23.07.2019",0
"24.07.2019",0
"25.07.2019",0
"26.07.2019",0
"27.07.2019",0
"28.07.2019",0
"29.07.2019",0
"30.07.2019",0
"31.07.2019",0
"01.08.2019",0
"02.08.2019",0
"03.08.2019",0
"04.08.2019",0
"05.08.2019",0
"06.08.2019",0
"07.08.2019",0
"08.08.2019",0
"09.08.2019",0
"10.08.2019",0
"11.08.2019",0
"12.08.2019",0
"13.08.2019",0
"14.08.2019",0
"15.08.2019",0
"16.08.2019",0
"17.08.2019",0
"18.08.2019",0
"19.08.2019",0
"20.08.2019",0
"21.08.2019",0
"22.08.2019",0
"23.08.2019",0
"24.08.2019",0
"25.08.2019",0
"26.08.2019",0
"27.08.2019",0
"28.08.2019",0
"29.08.2019",0
"30.08.2019",0
"31.08.2019",0
"01.09.2019",0
"02.09.2019",0
"03.09.2019",0
"04.09.2019",2
"05.09.2019",0
"06.09.2019",0
"07.09.2019",0
"08.09.2019",0
"09.09.2019",0
"10.09.2019",0
"11.09.2019",0
"12.09.2019",0
"13.09.2019",0
"14.09.2019",0
"15.09.2019",0
"16.09.2019",0
"17.09.2019",0
"18.09.2019",0
"19.09.2019",0
"20.09.2019",0
"21.09.2019",0
"22.09.2019",0
"23.09.2019",0
"24.09.2019",0
"25.09.2019",0
"26.09.2019",0
"27.09.2019",0
"28.09.2019",4
"29.09.2019",4
"30.09.2019",2
"01.10.2019",3
"02.10.2019",3
"03.10.2019",3
"04.10.2019",2
"05.10.2019",2
"06.10.2019",0
"07.10.2019",0
"08.10.2019",0
"09.10.2019",0
"10.10.2019",0
"11.10.2019",0
"12.10.2019",0
"13.10.2019",0
"14.10.2019",0
"15.10.2019",0
"16.10.2019",0
"17.10.2019",4
"18.10.2019",3
"19.10.2019",2
"20.10.2019",3
"21.10.2019",3
"22.10.2019",4
"23.10.2019",3
"24.10.2019",3
"25.10.2019",3
"26.10.2019",4
"27.10.2019",3
"28.10.2019",3
"29.10.2019",3
"30.10.2019",3
"31.10.2019",3
"01.11.2019",3
"02.11.2019",3
"03.11.2019",3
"04.11.2019",2
"05.11.2019",2
"06.11.2019",2
"07.11.2019",3
"08.11.2019",2
"09.11.2019",4
"10.11.2019",7
"11.11.2019",6
"12.11.2019",9
"13.11.2019",10
"14.11.2019",10
"15.11.2019",9
"16.11.2019",9
"17.11.2019",9
"18.11.2019",9
"19.11.2019",10
"20.11.2019",10
"21.11.2019",10
"22.11.2019",10
"23.11.2019",12
"24.11.2019",10
"25.11.2019",10
"26.11.2019",10
"27.11.2019",10
"28.11.2019",9
"29.11.2019",9
"30.11.2019",7
"01.12.2019",7
"02.12.2019",5
"03.12.2019",5
"04.12.2019",5
"05.12.2019",5
"06.12.2019",5
"07.12.2019",5
"08.12.2019",5
"09.12.2019",5
"10.12.2019",2
"11.12.2019",3
"12.12.2019",3
"13.12.2019",3
"14.12.2019",4
"15.12.2019",4
"16.12.2019",1
"17.12.2019",1
"18.12.2019",1
"19.12.2019",1
"20.12.2019",1
"21.12.2019",1
"22.12.2019",1
"23.12.2019",1
"24.12.2019",5
"25.12.2019",5
"26.12.2019",5
"27.12.2019",5
"28.12.2019",6
"29.12.2019",6
"30.12.2019",4
"31.12.2019",4
"01.01.2020",4
"02.01.2020",4
"03.01.2020",4
"04.01.2020",4
"05.01.2020",3
"06.01.2020",3
"07.01.2020",2
"08.01.2020",1
"09.01.2020",0
"10.01.2020",0
"11.01.2020",0
"12.01.2020",0
"13.01.2020",0
"14.01.2020",0
"15.01.2020",0
"16.01.2020",0
"17.01.2020",1
"18.01.2020",3
"19.01.2020",5
"20.01.2020",4
"21.01.2020",4
"22.01.2020",3
"23.01.2020",2
"24.01.2020",2
"25.01.2020",2
"26.01.2020",2
"27.01.2020",0
"28.01.2020",0
"29.01.2020",0
"30.01.2020",0
"31.01.2020",0
"01.02.2020",3
"02.02.2020",3
"03.02.2020",4
"04.02.2020",4
"05.02.2020",3
"06.02.2020",3
"07.02.2020",3
"08.02.2020",3
"09.02.2020",3
"10.02.2020",3
"11.02.2020",3
"12.02.2020",3
"13.02.2020",3
"14.02.2020",3
"15.02.2020",3
"16.02.2020",2
"17.02.2020",2
"18.02.2020",2
"19.02.2020",3
"20.02.2020",1
"21.02.2020",1
"22.02.2020",1
"23.02.2020",1
"24.02.2020",1
"25.02.2020",1
"26.02.2020",2
"27.02.2020",4
"28.02.2020",4
"29.02.2020",3
"01.03.2020",3
"02.03.2020",4
"03.03.2020",5
"04.03.2020",5
"05.03.2020",5
"06.03.2020",5
"07.03.2020",5
"08.03.2020",5
"09.03.2020",5
"10.03.2020",5
"11.03.2020",5
"12.03.2020",5
"13.03.2020",5
"14.03.2020",5
"15.03.2020",5
"16.03.2020",5
"17.03.2020",5
"18.03.2020",5
"19.03.2020",5
"20.03.2020",5
"21.03.2020",5
"22.03.2020",6
"23.03.2020",7
"24.03.2020",4
"25.03.2020",7
"26.03.2020",6
"27.03.2020",10
"28.03.2020",10
"29.03.2020",10
"30.03.2020",9
"31.03.2020",11
"01.04.2020",11
"02.04.2020",11
"03.04.2020",11
"04.04.2020",10
"05.04.2020",10
"06.04.2020",10
"07.04.2020",10
"08.04.2020",10
"09.04.2020",10
"10.04.2020",10
"11.04.2020",10
"12.04.2020",10
"13.04.2020",9
"14.04.2020",8
"15.04.2020",6
"16.04.2020",5
"17.04.2020",2
"18.04.2020",3
"19.04.2020",3
"20.04.2020",1
"21.04.2020",1
"22.04.2020",0
"23.04.2020",0
"24.04.2020",0
"25.04.2020",0
"26.04.2020",0
"27.04.2020",0
"28.04.2020",0
"29.04.2020",0
"30.04.2020",1
"01.05.2020",4
"02.05.2020",0
"03.05.2020",0
"04.05.2020",0
"05.05.2020",0
"06.05.2020",0
"07.05.2020",0
"08.05.2020",0
"09.05.2020",0
"10.05.2020",0
"11.05.2020",0
"12.05.2020",0
"13.05.2020",10
"14.05.2020",1
"15.05.2020",0
"16.05.2020",0
"17.05.2020",0
"18.05.2020",0
"19.05.2020",0
"20.05.2020",0
"21.05.2020",0
"22.05.2020",1
"23.05.2020",0
"24.05.2020",0
"25.05.2020",0
"26.05.2020",0
"27.05.2020",0
"28.05.2020",0
"29.05.2020",0
"30.05.2020",0
"31.05.2020",0
"01.06.2020",0
"02.06.2020",0
"03.06.2020",0
"04.06.2020",0
"05.06.2020",0
"06.06.2020",0
"07.06.2020",0
"08.06.2020",0
"09.06.2020",0
"10.06.2020",0
"11.06.2020",0
"12.06.2020",0
"13.06.2020",0
"14.06.2020",0
"15.06.2020",0
"16.06.2020",0
"17.06.2020",0
"18.06.2020",0
"19.06.2020",0
"20.06.2020",0
"21.06.2020",0
"22.06.2020",0
"23.06.2020",0
"24.06.2020",0
"25.06.2020",0
"26.06.2020",0
"27.06.2020",0
"28.06.2020",0
"29.06.2020",0
"30.06.2020",0
"01.07.2020",0
"02.07.2020",0
"03.07.2020",0
"04.07.2020",0
"05.07.2020",0
"06.07.2020",0
"07.07.2020",0
"08.07.2020",0
"09.07.2020",0
"10.07.2020",0
"11.07.2020",0
"12.07.2020",0
"13.07.2020",0
"14.07.2020",0
"15.07.2020",0
"16.07.2020",0
"17.07.2020",0
"18.07.2020",0
"19.07.2020",0
"20.07.2020",0
"21.07.2020",0
"22.07.2020",0
"23.07.2020",0
"24.07.2020",0
"25.07.2020",0
"26.07.2020",0
"27.07.2020",0
"28.07.2020",0
"29.07.2020",0
"30.07.2020",0
"31.07.2020",0
"01.08.2020",0
"02.08.2020",0
"03.08.2020",0
"04.08.2020",0
"05.08.2020",0
"06.08.2020",0
"07.08.2020",0
"08.08.2020",0
"09.08.2020",0
"10.08.2020",0
"11.08.2020",0
"12.08.2020",0
"13.08.2020",0
"14.08.2020",0
"15.08.2020",0
"16.08.2020",0
"17.08.2020",0
"18.08.2020",0
"19.08.2020",0
"20.08.2020",0
"21.08.2020",0
"22.08.2020",0
"23.08.2020",0
"24.08.2020",0
"25.08.2020",0
"26.08.2020",0
"27.08.2020",0
"28.08.2020",0
"29.08.2020",0
"30.08.2020",0
"31.08.2020",0
"01.09.2020",0
"02.09.2020",0
"03.09.2020",0
"04.09.2020",0
"05.09.2020",0
"06.09.2020",0
"07.09.2020",0
"08.09.2020",0
"09.09.2020",0
"10.09.2020",0
"13.09.2020",0
"14.09.2020",0
"15.09.2020",0
"16.09.2020",0
"17.09.2020",0
"18.09.2020",0
"19.09.2020",0
"20.09.2020",0
"21.09.2020",0
"22.09.2020",0
"23.09.2020",0
"24.09.2020",0
"25.09.2020",0
"26.09.2020",0
"27.09.2020",0
"28.09.2020",0
"29.09.2020",0
"30.09.2020",0
"01.10.2020",0
"02.10.2020",0
"03.10.2020",0
"04.10.2020",0
"05.10.2020",0
"06.10.2020",0
"07.10.2020",0
"08.10.2020",0
"09.10.2020",0
"10.10.2020",0
"11.10.2020",0
"12.10.2020",0
"13.10.2020",0
"14.10.2020",0
"15.10.2020",0
"16.10.2020",0
"17.10.2020",0
"18.10.2020",0
"19.10.2020",0
"20.10.2020",0
"21.10.2020",0
"22.10.2020",0
"23.10.2020",0
"24.10.2020",0
"25.10.2020",0
"26.10.2020",0
"27.10.2020",0
"28.10.2020",0
"29.10.2020",0
"30.10.2020",0
"31.10.2020",0
"01.11.2020",0
"02.11.2020",0
"03.11.2020",0
"04.11.2020",0
"05.11.2020",0
"06.11.2020",0
"07.11.2020",0
"08.11.2020",0
"09.11.2020",0
"10.11.2020",0
"11.11.2020",0
"12.11.2020",0
"13.11.2020",3
"14.11.2020",4
"15.11.2020",0
"16.11.2020",0
"17.11.2020",0
"18.11.2020",0
"19.11.2020",0
"20.11.2020",0
"21.11.2020",0
"22.11.2020",0
"23.11.2020",0
"24.11.2020",0
"25.11.2020",2
"26.11.2020",0
"27.11.2020",0
"28.11.2020",3
"29.11.2020",3
"30.11.2020",2
"01.12.2020",2
"02.12.2020",0
"03.12.2020",4
"04.12.2020",4
"05.12.2020",6
"06.12.2020",0
"07.12.2020",4
"08.12.2020",8
"09.12.2020",8
"10.12.2020",10
"11.12.2020",7
"12.12.2020",7
"13.12.2020",7
"14.12.2020",7
"15.12.2020",4
"16.12.2020",3
"17.12.2020",3
"18.12.2020",3
"19.12.2020",3
"20.12.2020",3
"21.12.2020",2
"22.12.2020",2
"23.12.2020",0
"24.12.2020",0
"25.12.2020",0
"26.12.2020",0
"27.12.2020",0
"28.12.2020",0
"29.12.2020",0
"30.12.2020",0
"31.12.2020",0
"01.01.2021",0
"02.01.2021",0
"03.01.2021",0
"04.01.2021",0
"05.01.2021",0
"06.01.2021",4
"07.01.2021",3
"08.01.2021",0
"09.01.2021",4
"10.01.2021",0
"11.01.2021",0
"12.01.2021",0
"13.01.2021",11
"14.01.2021",10
"15.01.2021",9
"16.01.2021",10
"17.01.2021",10
"18.01.2021",9
"19.01.2021",9
"20.01.2021",9
"21.01.2021",9
"22.01.2021",9
"23.01.2021",9
"24.01.2021",9
"25.01.2021",8
"26.01.2021",8
"27.01.2021",9
"28.01.2021",9
"29.01.2021",9
"30.01.2021",9
"31.01.2021",9
"01.02.2021",8
"02.02.2021",10
"03.02.2021",11
"04.02.2021",8
"05.02.2021",8
"06.02.2021",10
"07.02.2021",10
"08.02.2021",11
"09.02.2021",10
"10.02.2021",12
"11.02.2021",10
"12.02.2021",10
"13.02.2021",14
"14.02.2021",14
"15.02.2021",13
"16.02.2021",12
"17.02.2021",12
"18.02.2021",12
"19.02.2021",12
"20.02.2021",12
"21.02.2021",12
"22.02.2021",12
"23.02.2021",13
"24.02.2021",13
"25.02.2021",14
"26.02.2021",18
"27.02.2021",18
"28.02.2021",17
"01.03.2021",17
"02.03.2021",16
"03.03.2021",16
"04.03.2021",16
"05.03.2021",16
"06.03.2021",10
"07.03.2021",10
"08.03.2021",10
"09.03.2021",10
"10.03.2021",11
"11.03.2021",14
"12.03.2021",17
"13.03.2021",16
"14.03.2021",16
"15.03.2021",16
"16.03.2021",17
"17.03.2021",17
"18.03.2021",17
"19.03.2021",18
"20.03.2021",18
"21.03.2021",20
"22.03.2021",19
"23.03.2021",25
"24.03.2021",25
"25.03.2021",25
"26.03.2021",24
"27.03.2021",24
"28.03.2021",23
"29.03.2021",23
"30.03.2021",23
"31.03.2021",23
"01.04.2021",23
"02.04.2021",26
"03.04.2021",24
"04.04.2021",23
"05.04.2021",22
"06.04.2021",22
"07.04.2021",22
"08.04.2021",32
"09.04.2021",31
"10.04.2021",27
"11.04.2021",24
"12.04.2021",22
"13.04.2021",22
"14.04.2021",22
"15.04.2021",22
"16.04.2021",22
"17.04.2021",22
"18.04.2021",22
"19.04.2021",21
"20.04.2021",21
"21.04.2021",21
"22.04.2021",21
"23.04.2021",21
"24.04.2021",22
"25.04.2021",21
"26.04.2021",21
"27.04.2021",21
"28.04.2021",21
"29.04.2021",21
"30.04.2021",21
"01.05.2021",21
"02.05.2021",21
"03.05.2021",21
"04.05.2021",20
"05.05.2021",22
"06.05.2021",20
"07.05.2021",20
"08.05.2021",20
"09.05.2021",20
"10.05.2021",20
"11.05.2021",27
"12.05.2021",27
"13.05.2021",27
"14.05.2021",23
"15.05.2021",25
"16.05.2021",26
"17.05.2021",26
"18.05.2021",25
"19.05.2021",25
"20.05.2021",26
"21.05.2021",27
"22.05.2021",28
"23.05.2021",27
"24.05.2021",27
"25.05.2021",27
"26.05.2021",26
"27.05.2021",24
"28.05.2021",22
"29.05.2021",21
"30.05.2021",19
"31.05.2021",17
"01.06.2021",13
"02.06.2021",7
"03.06.2021",0
"04.06.2021",0
"05.06.2021",0
"06.06.2021",0
"07.06.2021",0
"08.06.2021",0
"09.06.2021",0
"10.06.2021",0
"11.06.2021",0
"12.06.2021",0
"13.06.2021",0
"14.06.2021",0
"15.06.2021",0
"16.06.2021",0
"17.06.2021",0
"18.06.2021",0
"19.06.2021",0
"20.06.2021",0
"21.06.2021",0
"22.06.2021",0
"23.06.2021",0
"24.06.2021",0
"25.06.2021",0
"26.06.2021",0
"27.06.2021",0
"28.06.2021",0
"29.06.2021",0
"30.06.2021",0
"01.07.2021",0
"02.07.2021",0
"03.07.2021",0
"04.07.2021",0
"05.07.2021",0
"06.07.2021",0
"07.07.2021",0
"08.07.2021",0
"09.07.2021",0
"10.07.2021",0
"11.07.2021",0
"12.07.2021",0
"13.07.2021",0
"14.07.2021",0
"15.07.2021",0
"16.07.2021",0
"17.07.2021",0
"18.07.2021",0
"19.07.2021",0
"20.07.2021",0
"21.07.2021",0
"22.07.2021",0
"23.07.2021",0
"24.07.2021",0
"25.07.2021",0
"26.07.2021",0
"27.07.2021",0
"28.07.2021",0
"29.07.2021",0
"30.07.2021",0
"31.07.2021",0
"01.08.2021",0
"02.08.2021",0
"03.08.2021",0
"04.08.2021",0
"05.08.2021",0
"06.08.2021",0
"07.08.2021",0
"08.08.2021",0
"09.08.2021",0
"10.08.2021",0
"11.08.2021",0
"12.08.2021",0
"13.08.2021",0
"14.08.2021",0
"15.08.2021",0
"16.08.2021",0
"17.08.2021",0
"18.08.2021",0
"19.08.2021",0
"20.08.2021",0
"21.08.2021",0
"22.08.2021",0
"23.08.2021",0
"24.08.2021",0
"25.08.2021",0
"26.08.2021",0
"27.08.2021",0
"28.08.2021",0
"29.08.2021",0
"30.08.2021",0
"31.08.2021",0
"01.09.2021",0
"02.09.2021",0
"03.09.2021",0
"04.09.2021",0
"05.09.2021",0
"06.09.2021",0
"07.09.2021",0
"08.09.2021",0
"09.09.2021",0
"10.09.2021",0
"11.09.2021",0
"12.09.2021",0
"13.09.2021",0
"14.09.2021",0
"15.09.2021",0
"16.09.2021",0
"17.09.2021",0
"18.09.2021",0
"19.09.2021",0
"20.09.2021",0
"21.09.2021",0
"22.09.2021",0
"23.09.2021",0
"24.09.2021",0
"25.09.2021",0
"26.09.2021",0
"27.09.2021",0
"28.09.2021",0
"29.09.2021",0
"30.09.2021",0
"01.10.2021",0
"02.10.2021",0
"03.10.2021",0
"04.10.2021",0
"05.10.2021",0
"06.10.2021",0
"07.10.2021",0
"08.10.2021",0
"09.10.2021",0
"10.10.2021",0
"11.10.2021",0
"12.10.2021",0
"13.10.2021",1
"14.10.2021",1
"15.10.2021",1
"16.10.2021",1
"17.10.2021",1
"18.10.2021",1
"19.10.2021",1
"20.10.2021",1
"21.10.2021",1
"22.10.2021",4
"23.10.2021",3
"24.10.2021",2
"25.10.2021",3
"26.10.2021",0
"27.10.2021",0
"28.10.2021",0
"29.10.2021",0
"30.10.2021",0
"31.10.2021",0
"01.11.2021",0
"02.11.2021",0
"03.11.2021",0
"04.11.2021",0
"05.11.2021",0
"06.11.2021",0
"07.11.2021",0
"08.11.2021",0
"09.11.2021",0
"10.11.2021",0
"11.11.2021",0
"12.11.2021",0
"13.11.2021",0
"14.11.2021",0
"15.11.2021",0
"16.11.2021",0
"17.11.2021",0
"18.11.2021",0
"19.11.2021",0
"20.11.2021",0
"21.11.2021",0
"22.11.2021",0
"23.11.2021",0
"24.11.2021",0
"25.11.2021",0
"26.11.2021",0
"27.11.2021",5
"28.11.2021",0
"29.11.2021",0
"30.11.2021",0
"01.12.2021",0
"02.12.2021",0
"03.12.2021",0
"04.12.2021",0
"05.12.2021",0
"06.12.2021",0
"07.12.2021",3
"08.12.2021",2
"09.12.2021",2
"10.12.2021",2
"11.12.2021",2
"12.12.2021",4
"13.12.2021",2
"14.12.2021",3
"15.12.2021",2
"16.12.2021",2
"17.12.2021",2
"18.12.2021",2
"19.12.2021",2
"20.12.2021",4
"21.12.2021",4
"22.12.2021",4
"23.12.2021",4
"24.12.2021",4
"25.12.2021",4
"26.12.2021",4
"27.12.2021",4
"28.12.2021",4
"29.12.2021",4
"30.12.2021",4
"31.12.2021",4
"01.01.2022",4
"02.01.2022",4
"03.01.2022",3
"04.01.2022",2
"05.01.2022",2
"06.01.2022",2
"07.01.2022",15
"08.01.2022",16
"09.01.2022",14
"10.01.2022",15
"11.01.2022",13
"12.01.2022",11
"13.01.2022",11
"14.01.2022",10
"15.01.2022",10
"16.01.2022",11
"17.01.2022",10
"18.01.2022",9
"19.01.2022",6
"20.01.2022",6
"21.01.2022",6
"22.01.2022",13
"23.01.2022",14
"24.01.2022",13
"25.01.2022",15
"26.01.2022",13
"27.01.2022",13
"28.01.2022",13
"29.01.2022",13
"30.01.2022",13
"31.01.2022",13
"01.02.2022",12
"02.02.2022",12
"03.02.2022",12
"04.02.2022",12
"05.02.2022",9
"06.02.2022",6
"07.02.2022",6
"08.02.2022",12
"09.02.2022",13
"10.02.2022",13
"11.02.2022",12
"12.02.2022",14
"13.02.2022",14
"14.02.2022",16
"15.02.2022",21
"16.02.2022",21
"17.02.2022",19
"18.02.2022",18
"19.02.2022",17
"20.02.2022",16
"21.02.2022",15
"22.02.2022",15
"23.02.2022",16
"24.02.2022",16
"25.02.2022",16
"26.02.2022",14
"27.02.2022",11
"28.02.2022",11
"01.03.2022",11
"02.03.2022",11
"03.03.2022",23
"04.03.2022",30
"05.03.2022",29
"06.03.2022",28
"07.03.2022",27
"08.03.2022",28
"09.03.2022",27
"10.03.2022",29
"11.03.2022",25
"12.03.2022",25
"13.03.2022",25
"14.03.2022",24
"15.03.2022",25
"16.03.2022",18
"17.03.2022",15
"18.03.2022",15
"19.03.2022",16
"20.03.2022",15
"21.03.2022",15
"22.03.2022",25
"23.03.2022",25
"24.03.2022",24
"25.03.2022",24
"26.03.2022",24
"27.03.2022",24
"28.03.2022",24
"29.03.2022",24
"30.03.2022",24
"31.03.2022",24
"01.04.2022",24
"02.04.2022",24
"03.04.2022",24
"04.04.2022",24
"05.04.2022",23
"06.04.2022",23
"07.04.2022",23
"08.04.2022",23
"09.04.2022",23
"10.04.2022",23
"11.04.2022",22
"12.04.2022",22
"13.04.2022",22
"14.04.2022",24
"15.04.2022",23
"16.04.2022",24
"17.04.2022",23
"18.04.2022",23
"19.04.2022",23
"20.04.2022",27
"21.04.2022",22
"22.04.2022",22
"23.04.2022",22
"24.04.2022",21
"25.04.2022",21
"26.04.2022",21
"27.04.2022",21
"28.04.2022",21
"29.04.2022",21
